tdays_to_expiry,2013,2014,2015,2016,2017,2018,2019,2020,2021,2022,2023,2024,2025,2026,2027,mean,median,min,max
0,5.451599999999978,13.083000000000023,3.212999999999991,9.311399999999992,5.430600000000007,4.582200000000008,4.275599999999995,-3.6833999999999865,8.437800000000014,6.60240000000002,9.349199999999996,9.601200000000006,13.931399999999986,10.298399999999985,,7.134600000000001,7.520100000000017,-3.6833999999999865,13.931399999999986
1,5.119799999999986,13.246799999999958,3.582599999999969,9.513000000000005,5.552400000000022,4.464599999999984,4.972799999999984,-4.326,8.043000000000019,7.1862,9.055199999999992,10.029600000000034,13.490399999999969,10.495799999999992,,7.173299999999993,7.61460000000001,-4.326,13.490399999999969
2,5.3214000000000015,12.973799999999999,3.4734,10.348799999999997,5.3424000000000085,4.14120000000001,5.124000000000014,-4.632600000000004,7.979999999999998,6.972000000000015,8.236199999999997,10.227000000000002,13.687799999999994,10.609200000000016,,7.128900000000003,7.476000000000006,-4.632600000000004,13.687799999999994
3,6.052199999999977,13.099800000000004,3.0911999999999953,8.492399999999996,5.329799999999964,4.136999999999983,5.514599999999999,-4.8509999999999875,7.568399999999987,7.186200000000001,8.551200000000009,9.416400000000007,13.0452,10.042200000000014,,6.905399999999996,7.377299999999995,-4.8509999999999875,13.099800000000004
4,5.854799999999989,12.704999999999972,3.7884000000000118,7.94220000000003,5.560800000000002,4.2713999999999865,4.8467999999999885,-5.984999999999994,7.3415999999999935,7.1903999999999915,8.001000000000005,8.98379999999999,13.154400000000006,10.164000000000001,,6.701399999999999,7.265999999999993,-5.984999999999994,13.154400000000006
5,6.4637999999999876,12.45719999999999,4.2923999999999936,7.509599999999994,5.711999999999969,4.691400000000015,5.485200000000011,-5.707800000000015,7.370999999999981,6.6906,7.711199999999971,8.652000000000017,13.250999999999987,10.050599999999992,,6.759299999999993,7.03079999999999,-5.707800000000015,13.250999999999987
6,5.976599999999967,12.318599999999996,4.107599999999977,8.034599999999983,5.594399999999999,5.216400000000004,5.1996000000000056,-4.787999999999995,7.828800000000014,7.459199999999998,7.6188,7.874999999999981,13.872599999999991,9.9834,,6.878399999999994,7.539,-4.787999999999995,13.872599999999991
7,6.262199999999991,12.453000000000017,3.8724000000000025,9.021600000000014,4.955999999999996,5.275199999999979,4.90140000000001,-4.729199999999992,6.76200000000002,6.505800000000002,7.790999999999991,8.009400000000003,13.599600000000013,10.0044,,6.763200000000004,6.633900000000011,-4.729199999999992,13.599600000000013
8,6.547800000000016,12.406799999999976,3.8051999999999913,9.118200000000012,5.216400000000003,5.4515999999999964,4.199999999999985,-5.409599999999992,6.018599999999981,6.652799999999995,7.497000000000023,8.895600000000046,14.141399999999981,9.82380000000001,,6.740400000000001,6.600300000000005,-5.409599999999992,14.141399999999981
9,6.577199999999984,12.238799999999994,4.1958000000000135,9.189599999999995,4.91819999999999,4.9098000000000095,4.409999999999999,-6.925800000000002,6.623400000000007,6.77879999999998,7.589400000000013,9.286200000000012,14.490000000000009,9.798600000000004,,6.720000000000001,6.701099999999993,-6.925800000000002,14.490000000000009
10,7.379399999999999,12.306000000000006,3.204599999999992,10.016999999999989,5.291999999999995,5.233200000000002,3.5699999999999985,-6.522599999999999,6.266399999999981,7.770000000000001,7.648200000000025,9.189599999999995,15.25019999999999,9.928800000000006,,6.895199999999998,7.513800000000012,-6.522599999999999,15.25019999999999
11,7.442400000000001,12.637799999999999,2.7593999999999665,9.798599999999976,5.6909999999999785,4.56120000000002,2.2553999999999848,-7.043399999999988,5.9052000000000024,8.269800000000032,7.350000000000011,9.2442,14.368199999999973,9.252599999999989,,6.606599999999995,7.396200000000006,-7.043399999999988,14.368199999999973
12,8.110200000000011,11.688600000000008,3.54900000000001,10.122000000000003,5.602799999999999,4.073999999999999,1.3481999999999914,-7.450800000000001,5.699399999999997,7.917000000000013,7.702799999999972,8.71920000000001,13.7256,8.845200000000006,,6.403800000000002,7.809899999999993,-7.450800000000001,13.7256
13,8.551200000000009,11.159400000000012,4.3260000000000085,9.214799999999974,5.741400000000011,4.2336,1.3398000000000296,-7.627199999999998,6.2076000000000064,7.026600000000019,7.324800000000014,8.824199999999989,13.939800000000004,8.265599999999994,,6.323400000000006,7.175700000000017,-7.627199999999998,13.939800000000004
14,8.652000000000017,10.861199999999997,4.178999999999978,8.555399999999981,6.0102,3.9899999999999896,1.3188000000000226,-7.770000000000003,6.581399999999993,7.639800000000006,7.522199999999983,8.71080000000001,14.019600000000004,7.711199999999999,,6.284399999999998,7.580999999999994,-7.770000000000003,14.019600000000004
15,7.391999999999988,10.600800000000026,4.057199999999982,7.459200000000018,5.871599999999988,4.880400000000022,1.4742000000000335,-7.9506000000000085,6.678000000000011,7.665000000000005,6.489000000000003,9.126599999999975,13.88100000000001,7.517999999999994,,6.081600000000003,7.034999999999999,-7.9506000000000085,13.88100000000001
16,6.648599999999986,9.90779999999998,4.254600000000026,7.862399999999992,6.3251999999999935,5.006400000000008,1.306199999999996,-6.9384000000000015,6.85440000000001,8.231999999999989,6.090000000000001,8.38320000000001,14.704199999999993,7.484399999999997,,6.151499999999999,6.751499999999998,-6.9384000000000015,14.704199999999993
17,7.585199999999985,9.84479999999996,4.120200000000003,7.484399999999997,6.909000000000012,5.266800000000017,1.2179999999999964,-7.303800000000006,7.677600000000012,8.253000000000014,6.064799999999966,7.685999999999993,14.015399999999996,7.849800000000002,,6.190799999999997,7.534799999999992,-7.303800000000006,14.015399999999996
18,7.182000000000011,9.676800000000016,3.481799999999999,7.887600000000008,6.883800000000034,5.690999999999979,1.8984000000000147,-7.564199999999998,6.934199999999992,8.106000000000002,6.0017999999999825,7.001400000000022,13.192199999999993,7.610400000000019,,5.998800000000004,6.967800000000007,-7.564199999999998,13.192199999999993
19,6.8879999999999875,8.64779999999999,3.2550000000000052,7.513800000000022,6.707400000000035,5.577599999999983,1.5119999999999827,-5.94719999999999,6.9089999999999945,8.933399999999995,6.3462000000000005,7.005600000000012,13.692000000000004,8.261399999999995,,6.093000000000002,6.898499999999991,-5.94719999999999,13.692000000000004
20,6.6696000000000115,8.332800000000015,2.6334000000000177,7.244999999999995,7.433999999999984,6.0102,1.5414000000000074,-5.514600000000016,6.581399999999993,9.47100000000001,6.623400000000007,6.858600000000019,13.7088,9.1476,,6.195900000000003,6.764100000000015,-5.514600000000016,13.7088
21,7.375200000000008,8.773800000000032,1.86899999999999,7.748999999999996,7.106400000000001,6.123600000000034,1.0667999999999944,-4.8677999999999955,6.892200000000015,9.23160000000001,7.0266,6.950999999999971,13.280399999999993,9.23159999999998,,6.272100000000003,7.0665000000000004,-4.8677999999999955,13.280399999999993
22,7.497000000000004,9.009000000000025,1.461600000000007,8.8032,6.971999999999998,6.0227999999999895,1.2810000000000175,-5.430600000000018,7.261799999999993,8.96700000000001,7.177800000000002,6.669599999999974,12.608399999999993,9.48360000000001,,6.270300000000001,7.2197999999999976,-5.430600000000018,12.608399999999993
23,8.416800000000023,8.895600000000027,1.8017999999999974,9.256800000000005,7.799400000000007,6.0858000000000105,1.881599999999998,-4.834200000000008,7.299600000000017,9.353400000000004,7.064400000000005,8.0598,11.991000000000014,9.563400000000009,,6.616800000000008,7.929600000000003,-4.834200000000008,11.991000000000014
24,7.984200000000007,9.483600000000019,1.9949999999999948,9.130800000000002,7.5306,5.989199999999993,1.5246000000000093,-5.338199999999999,6.791400000000007,8.811599999999999,6.488999999999966,8.11860000000003,11.844000000000001,9.512999999999998,,6.419100000000002,7.757400000000003,-5.338199999999999,11.844000000000001
25,8.30339999999999,10.121999999999968,2.326800000000005,8.958600000000011,7.681799999999985,5.770799999999999,1.6589999999999945,-5.254200000000001,6.535199999999989,9.353400000000004,6.346199999999982,7.97159999999998,11.705400000000008,10.16820000000001,,6.546299999999995,7.826699999999983,-5.254200000000001,11.705400000000008
26,8.147999999999998,10.31100000000001,2.3603999999999825,8.954400000000003,7.404599999999997,5.371800000000015,1.5833999999999842,-4.027800000000004,7.207200000000008,8.992200000000008,6.220199999999996,8.223599999999971,11.474400000000005,10.281600000000015,,6.607499999999999,7.776299999999997,-4.027800000000004,11.474400000000005
27,8.433600000000023,10.48740000000003,2.251199999999976,9.5718,6.686399999999991,5.779199999999998,0.9114000000000209,-3.8429999999999866,7.27860000000001,8.702400000000031,6.245400000000012,7.732199999999978,11.230799999999995,10.340399999999999,,6.557700000000006,7.5053999999999945,-3.8429999999999866,11.230799999999995
28,8.399999999999988,9.890999999999964,1.7555999999999932,9.731400000000018,7.6986,6.392399999999986,0.4241999999999999,-5.023199999999989,7.337400000000003,8.664600000000025,6.686399999999991,7.056000000000006,10.974599999999995,9.760800000000007,,6.410699999999999,7.518000000000002,-5.023199999999989,10.974599999999995
29,8.126999999999992,9.609599999999968,1.188600000000009,9.828,8.46300000000001,6.039600000000006,1.0752000000000121,-5.132399999999995,6.640199999999987,9.454199999999993,6.850199999999983,7.362600000000019,10.470600000000012,9.193800000000003,,6.3693,7.744800000000005,-5.132399999999995,10.470600000000012
30,8.106000000000002,10.344600000000026,1.121399999999979,10.310999999999993,9.072000000000008,5.964000000000015,1.239000000000022,-4.615800000000005,6.59820000000001,9.638999999999974,7.5558000000000165,7.387799999999998,9.937199999999986,9.055200000000001,,6.551100000000003,7.830900000000009,-4.615800000000005,10.344600000000026
31,7.652400000000034,10.386600000000003,1.2137999999999876,10.226999999999983,9.479400000000009,6.5226,0.9828000000000037,-3.31379999999999,6.770399999999982,9.496200000000009,7.88339999999998,7.694400000000011,9.937200000000006,9.525599999999995,,6.747000000000002,7.7888999999999955,-3.31379999999999,10.386600000000003
32,7.345800000000002,10.663799999999991,1.7136000000000164,11.02500000000001,9.244200000000017,6.581399999999993,1.7555999999999745,-2.0033999999999956,7.345800000000002,9.4836,7.8917999999999795,7.480200000000006,9.109799999999995,9.953999999999995,,6.970799999999999,7.685999999999993,-2.0033999999999956,11.02500000000001
33,7.1946,10.4286,1.0583999999999953,10.277399999999997,8.866199999999983,5.963999999999996,2.1168000000000093,-0.13859999999999495,7.119000000000009,9.81959999999998,8.446200000000012,7.799400000000008,8.87040000000001,10.07999999999998,,6.992999999999999,8.12280000000001,-0.13859999999999495,10.4286
34,6.728400000000024,9.218999999999983,1.2516000000000114,10.499999999999982,8.710799999999992,5.493599999999992,2.188199999999992,-1.0457999999999963,6.232800000000022,9.580200000000017,8.53860000000002,7.778399999999983,9.286199999999994,9.81119999999999,,6.7338,8.158500000000002,-1.0457999999999963,10.499999999999982
35,6.778800000000018,8.601600000000023,0.9239999999999915,10.353000000000005,9.210599999999982,6.123599999999997,2.5746000000000056,-0.9954000000000018,6.266400000000019,9.58439999999997,8.06399999999999,7.597800000000012,9.508799999999997,9.710399999999993,,6.7359,7.830900000000001,-0.9954000000000018,10.353000000000005
36,6.720000000000006,9.189599999999995,0.9449999999999985,11.016600000000007,9.177000000000005,6.497399999999984,2.4066000000000054,-0.14699999999999314,6.295800000000025,9.802800000000023,7.996799999999996,7.652400000000015,10.718400000000013,9.101400000000005,,6.955200000000007,7.8246000000000056,-0.14699999999999314,11.016600000000007
37,6.560400000000005,9.538200000000021,0.30240000000002265,11.293799999999997,8.966999999999992,7.0685999999999956,1.1340000000000057,0.46620000000000594,5.9346000000000085,9.701999999999995,7.555799999999998,7.644000000000016,11.440800000000008,9.790199999999993,,6.957000000000006,7.599900000000007,0.30240000000002265,11.440800000000008
38,6.993000000000004,9.382799999999992,0.17639999999999922,12.26400000000001,8.693999999999992,7.87080000000001,1.902600000000005,-0.5375999999999959,5.707799999999996,9.500400000000017,8.370600000000001,7.883400000000018,10.9158,9.916199999999998,,7.074300000000005,8.12700000000001,-0.5375999999999959,12.26400000000001
39,8.042999999999981,9.160200000000007,0.5963999999999716,12.7092,8.441999999999986,8.164800000000014,2.3016000000000263,-0.7181999999999871,5.686799999999989,9.088800000000006,8.505000000000006,8.36220000000004,11.129999999999987,9.718799999999993,,7.227900000000001,8.402100000000013,-0.7181999999999871,12.7092
40,7.6229999999999905,9.378599999999985,0.7391999999999932,13.385400000000008,8.698200000000021,7.5222000000000016,1.5792000000000126,-0.1889999999999894,5.119799999999986,9.088799999999988,8.517600000000032,7.946399999999983,10.949400000000015,9.555000000000001,,7.136700000000002,8.232000000000006,-0.1889999999999894,13.385400000000008
41,8.143799999999988,10.080000000000009,0.4956000000000014,13.066200000000007,8.320200000000025,8.19840000000003,1.6967999999999996,-0.48299999999999343,5.388599999999975,9.114000000000004,8.668799999999997,8.299199999999999,10.869600000000016,9.40799999999999,,7.233300000000005,8.309700000000012,-0.48299999999999343,13.066200000000007
42,7.328999999999967,10.16400000000002,-0.26039999999999,12.469799999999978,8.114400000000002,8.588999999999995,1.6211999999999893,-0.8190000000000204,5.283600000000015,8.744400000000006,8.635199999999982,7.455000000000009,10.983000000000011,9.05520000000001,,6.954599999999999,8.351699999999997,-0.8190000000000204,12.469799999999978
43,6.837600000000012,10.075799999999981,0.4031999999999556,12.27659999999998,7.593600000000004,8.618400000000001,1.7766000000000188,1.1843999999999903,4.830000000000028,8.840999999999987,9.160200000000007,7.492799999999977,10.865399999999987,8.853600000000004,,7.057799999999994,8.106000000000002,0.4031999999999556,12.27659999999998
44,7.391999999999988,10.395000000000021,-0.24779999999998203,12.53279999999998,7.236600000000033,8.748599999999996,2.1293999999999986,1.8144000000000053,5.275199999999997,8.316000000000017,9.256800000000005,6.959399999999989,10.59239999999999,9.378599999999985,,7.127100000000003,7.854000000000003,-0.24779999999998203,12.53279999999998
45,7.467600000000017,10.697400000000005,-0.2772000000000254,12.238800000000033,7.001400000000004,8.505000000000006,2.6459999999999884,2.4276000000000026,6.1193999999999695,8.672999999999988,9.512999999999987,6.627600000000016,9.970800000000002,8.63939999999999,,7.160699999999999,7.9863000000000115,-0.2772000000000254,12.238800000000033
46,8.61000000000002,10.915800000000019,0.09659999999998004,12.671399999999975,7.832999999999986,8.916600000000017,2.2638000000000025,2.4275999999999938,5.846400000000009,7.87080000000001,10.214399999999994,6.589799999999992,10.529400000000006,8.509200000000014,,7.3782000000000005,8.190000000000012,0.09659999999998004,12.671399999999975
47,8.030400000000029,11.075400000000002,-0.021000000000007013,12.646200000000016,8.236199999999979,8.786400000000002,2.209199999999999,3.3431999999999764,6.791399999999989,7.765799999999994,10.0842,6.631800000000025,10.978800000000003,9.487799999999991,,7.5747,8.133300000000004,-0.021000000000007013,12.646200000000016
48,8.328600000000005,11.046000000000014,-0.5291999999999977,12.969600000000009,7.681800000000002,8.933399999999985,2.335200000000004,3.6791999999999874,5.661599999999973,8.068199999999997,9.995999999999999,6.78299999999999,11.629799999999996,9.496200000000009,,7.577099999999997,8.198400000000001,-0.5291999999999977,12.969600000000009
49,8.122799999999982,10.709999999999996,-1.4994000000000307,12.255599999999994,6.850200000000002,8.904000000000018,2.2974000000000174,4.351200000000007,5.850600000000018,8.122800000000002,9.39120000000001,6.262200000000028,12.062399999999997,9.084599999999988,,7.3404000000000025,8.122799999999991,-1.4994000000000307,12.255599999999994
50,8.778000000000002,10.365600000000015,-1.2264000000000141,12.348000000000003,7.076999999999995,9.025799999999995,2.0747999999999953,4.544400000000003,5.312999999999984,7.988400000000015,9.345000000000006,6.421799999999992,11.390399999999996,9.353400000000006,,7.3427999999999995,8.38320000000001,-1.2264000000000141,12.348000000000003
51,8.240399999999987,10.231200000000012,-2.192400000000001,12.549599999999998,7.043399999999997,9.450000000000003,2.079000000000004,5.25,6.136200000000005,7.866600000000001,9.4836,6.316799999999994,11.43239999999999,9.508799999999997,,7.385399999999999,8.053499999999994,-2.192400000000001,12.549599999999998
52,7.917000000000014,10.453799999999996,-2.6627999999999865,12.398400000000015,7.097999999999983,9.353399999999986,2.373000000000009,5.081999999999982,6.362999999999999,8.240399999999987,8.618400000000001,5.926199999999991,11.617200000000025,9.697799999999987,,7.3197,8.078700000000001,-2.6627999999999865,12.398400000000015
53,7.169400000000022,10.630200000000013,-2.8686000000000105,11.957399999999998,6.883799999999996,8.82839999999998,2.041199999999999,5.565000000000012,6.060599999999976,9.017399999999984,8.47140000000001,5.569200000000021,11.507999999999981,9.336600000000006,,7.154999999999999,7.820400000000015,-2.8686000000000105,11.957399999999998
54,6.749400000000012,9.83219999999999,-2.524200000000011,11.986800000000004,7.345799999999984,8.756999999999996,2.3771999999999993,6.245399999999993,6.274799999999999,8.702400000000031,8.677199999999996,6.488999999999985,11.638199999999976,10.063200000000002,,7.3295999999999975,8.01149999999999,-2.524200000000011,11.986800000000004
55,6.993000000000041,9.790200000000013,-2.809800000000017,12.314400000000042,7.70280000000001,8.597400000000015,2.373000000000009,6.413400000000012,6.585600000000002,8.744399999999988,8.576399999999989,6.426000000000001,12.112800000000009,9.73980000000001,,7.397100000000009,8.1396,-2.809800000000017,12.314400000000042
56,6.7157999999999785,9.592800000000008,-3.1079999999999934,11.982599999999994,7.870799999999991,8.97959999999999,1.8647999999999811,5.695199999999988,6.396599999999995,8.55119999999999,8.714999999999982,6.468000000000015,12.427799999999984,9.9078,,7.289999999999993,8.210999999999991,-3.1079999999999934,12.427799999999984
57,6.073200000000003,8.97539999999999,-2.977799999999961,12.411000000000005,7.463400000000007,9.021600000000024,1.4993999999999748,6.3546,6.43859999999999,8.698200000000003,9.227400000000019,5.560800000000022,11.961599999999988,10.029600000000006,,7.195500000000004,8.080800000000005,-2.977799999999961,12.411000000000005
58,6.45959999999996,8.983800000000027,-3.1038000000000032,12.62939999999998,7.698600000000019,9.185399999999996,1.671600000000021,6.892199999999996,7.064399999999987,9.042600000000002,8.546999999999983,5.455799999999968,11.999399999999975,9.23580000000001,,7.268699999999995,8.122800000000002,-3.1038000000000032,12.62939999999998
59,6.900599999999977,8.72759999999999,-3.4314000000000044,12.154799999999986,7.391999999999989,8.710799999999992,1.482600000000014,7.072799999999986,7.009800000000002,9.172799999999997,8.635200000000019,5.943000000000008,12.71339999999999,9.462600000000013,,7.281899999999996,8.013600000000004,-3.4314000000000044,12.71339999999999
60,6.648599999999986,9.269399999999976,-3.1500000000000075,12.322800000000004,8.068199999999997,8.70660000000001,0.8694000000000068,7.093799999999993,7.534799999999991,8.723400000000002,9.034200000000022,6.623399999999989,12.490800000000004,9.57180000000001,,7.4148,8.387400000000003,-3.1500000000000075,12.490800000000004
61,6.274800000000036,9.042599999999982,-3.779999999999994,12.159000000000013,8.05139999999998,9.038400000000012,0.8232000000000026,7.123199999999999,7.106400000000001,9.004799999999998,9.361800000000024,7.043399999999998,12.062399999999997,9.760799999999998,,7.362300000000004,8.528099999999988,-3.779999999999994,12.159000000000013
62,6.383999999999987,9.101400000000014,-3.431400000000023,11.806199999999997,8.240399999999987,8.362200000000021,0.865199999999998,8.177400000000004,6.493199999999994,9.529800000000003,10.25639999999997,6.299999999999978,12.247200000000031,9.092999999999996,,7.387499999999998,8.301300000000005,-3.431400000000023,12.247200000000031
63,5.867400000000016,9.055199999999992,-3.645600000000009,11.60880000000001,8.639400000000027,8.828399999999988,1.003799999999992,7.900199999999997,7.471800000000007,9.265200000000005,10.781400000000016,6.127799999999987,11.911199999999994,9.114000000000004,,7.423500000000002,8.733900000000007,-3.645600000000009,11.911199999999994
64,5.594399999999981,9.31140000000001,-3.8177999999999805,11.533199999999997,8.66039999999998,7.921200000000004,0.6174000000000159,8.605800000000004,6.992999999999985,9.177000000000005,11.125799999999996,5.4726000000000035,11.961599999999988,8.714999999999993,,7.276499999999999,8.633099999999992,-3.8177999999999805,11.961599999999988
65,6.186600000000037,8.740199999999998,-3.271800000000022,10.701599999999978,8.366399999999992,8.009399999999996,0.7812000000000072,9.378599999999985,7.320600000000005,9.05519999999999,11.33580000000003,5.275199999999997,11.323200000000003,9.210600000000003,,7.3152,8.553299999999995,-3.271800000000022,11.33580000000003
66,6.291599999999997,8.30339999999999,-3.204599999999992,9.924599999999998,8.91239999999999,8.48819999999998,1.7766000000000002,8.925000000000015,7.602000000000021,9.672600000000008,11.176199999999973,5.094600000000008,12.209400000000008,9.370200000000013,,7.4673,8.700299999999984,-3.204599999999992,12.209400000000008
67,6.371399999999979,7.858200000000002,-3.0534000000000274,9.622199999999996,8.244599999999997,8.017800000000022,2.5872000000000135,9.823800000000027,7.526399999999992,9.1308,10.819200000000002,5.275200000000016,12.259800000000002,9.365999999999994,,7.4178,8.13120000000001,-3.0534000000000274,12.259800000000002
68,6.3546,8.101800000000011,-3.2171999999999814,9.080400000000026,9.487800000000009,8.425200000000014,2.4401999999999644,9.924599999999987,7.097999999999983,9.601200000000006,10.638600000000013,5.107200000000016,11.613,9.828,,7.463100000000004,8.75280000000002,-3.2171999999999814,11.613
69,6.312600000000004,8.126999999999992,-3.775800000000004,8.689800000000021,9.30300000000001,8.378999999999982,2.826600000000015,10.554599999999994,7.7741999999999924,8.996399999999998,10.096800000000007,5.9472000000000165,12.478199999999998,9.924599999999998,,7.545300000000003,8.534400000000002,-3.775800000000004,12.478199999999998
70,5.888399999999967,7.828799999999996,-3.196199999999993,9.357599999999994,8.517599999999995,8.769599999999986,2.650200000000016,10.457999999999986,7.9001999999999875,9.114000000000004,10.466400000000004,5.686800000000008,12.331200000000003,9.8448,,7.544099999999996,8.64359999999999,-3.196199999999993,12.331200000000003
71,6.048000000000005,7.639799999999989,-4.460400000000012,9.496200000000027,8.79900000000001,9.701999999999995,1.911000000000004,11.10479999999999,8.332800000000006,9.622200000000014,10.819200000000002,5.586,11.932200000000002,9.580199999999989,,7.579500000000002,9.147600000000018,-4.460400000000012,11.932200000000002
72,6.5645999999999765,6.808199999999987,-4.040400000000003,9.395399999999983,8.815799999999989,9.458400000000012,1.2306000000000044,11.285400000000006,7.879200000000009,9.9876,11.289599999999968,5.413799999999991,12.16740000000003,9.496199999999998,,7.553699999999997,9.105599999999985,-4.040400000000003,12.16740000000003
73,6.224399999999986,5.917799999999992,-3.4103999999999974,9.181199999999977,9.365999999999996,8.925000000000015,1.3229999999999942,10.533599999999987,7.971599999999989,10.096800000000007,10.815000000000012,5.3424000000000085,12.255599999999994,10.185000000000006,,7.480499999999998,9.053099999999997,-3.4103999999999974,12.255599999999994
74,5.699399999999997,6.026999999999998,-2.8938000000000077,9.651599999999982,8.920799999999987,8.777999999999993,1.3397999999999923,9.324000000000009,7.883400000000018,10.5,10.479000000000012,4.905599999999982,11.759999999999973,9.643200000000009,,7.286999999999996,8.84939999999999,-2.8938000000000077,11.759999999999973
75,5.409599999999982,6.484800000000013,-2.557800000000026,10.252199999999998,9.176999999999987,8.819999999999999,1.6254000000000168,8.81159999999998,7.597800000000003,10.302599999999995,11.071200000000012,4.598999999999988,12.02460000000001,9.756600000000017,,7.383899999999998,8.815799999999989,-2.557800000000026,12.02460000000001
76,5.598600000000008,6.094200000000028,-2.1588000000000234,11.235000000000003,9.533999999999995,9.113999999999965,1.9655999999999887,9.013199999999996,6.808200000000024,10.41599999999999,11.033399999999988,4.30920000000001,11.520600000000009,10.063200000000002,,7.467599999999998,9.06359999999998,-2.1588000000000234,11.520600000000009
77,5.762400000000018,6.5100000000000104,-2.36460000000001,10.550400000000012,8.769600000000004,9.378599999999985,2.4275999999999938,8.143799999999999,6.883800000000016,9.9162,10.537800000000004,4.052999999999992,11.877600000000015,10.869599999999997,,7.379700000000002,8.456700000000001,-2.36460000000001,11.877600000000015
78,5.808600000000004,6.337800000000001,-2.482199999999997,10.466399999999986,8.496599999999987,8.996399999999998,2.494800000000005,8.887199999999991,6.803999999999988,10.2438,9.361800000000024,3.830400000000026,12.280800000000028,10.41600000000001,,7.281600000000003,8.69189999999999,-2.482199999999997,12.280800000000028
79,5.825400000000002,6.442800000000018,-2.1377999999999977,10.953600000000005,8.101799999999994,9.176999999999996,2.024400000000001,8.49659999999998,6.841800000000002,10.390799999999992,8.227799999999998,4.304999999999983,12.852000000000022,10.68059999999999,,7.2986999999999975,8.164799999999996,-2.1377999999999977,12.852000000000022
80,5.291999999999995,6.720000000000006,-1.8858000000000068,10.966199999999995,7.534799999999991,9.118199999999995,2.3688000000000002,8.597399999999986,6.463799999999996,10.49579999999999,7.870799999999991,3.5826000000000064,13.028400000000001,10.705799999999996,,7.2041999999999975,7.702799999999991,-1.8858000000000068,13.028400000000001
81,5.317199999999974,7.18200000000003,-2.5578000000000074,11.507999999999981,7.358399999999992,8.819999999999999,2.742599999999987,8.341200000000004,6.245399999999993,9.605399999999996,8.731800000000035,3.6498000000000177,12.684000000000001,10.890599999999994,,7.179899999999998,7.849799999999998,-2.5578000000000074,12.684000000000001
82,5.703600000000025,7.992600000000006,-2.6375999999999893,11.285399999999997,7.4297999999999735,8.958599999999983,2.7006000000000103,8.685599999999994,6.211800000000015,10.218600000000002,8.240400000000006,3.8387999999999876,12.67980000000001,10.9074,,7.301100000000001,8.116500000000006,-2.6375999999999893,12.67980000000001
83,6.283200000000017,7.820400000000015,-3.0533999999999715,10.936800000000007,8.572200000000016,9.475199999999992,2.9148000000000147,9.521400000000005,6.892199999999996,10.122000000000025,8.156399999999998,3.645600000000009,12.667200000000005,10.949399999999988,,7.493100000000007,8.364300000000007,-3.0533999999999715,12.667200000000005
84,6.85440000000001,6.5394000000000165,-3.6203999999999743,11.256000000000029,9.05519999999999,9.302999999999992,2.524199999999974,9.756599999999999,7.085400000000003,9.31140000000003,8.252999999999997,3.8177999999999805,13.171199999999986,10.781399999999996,,7.434900000000001,8.654099999999993,-3.6203999999999743,13.171199999999986
85,6.2831999999999795,6.7704,-3.1121999999999836,11.016600000000007,8.761199999999988,9.479399999999991,2.2763999999999918,8.983799999999999,7.266000000000002,9.000599999999988,7.669200000000013,3.6917999999999944,12.679799999999993,11.08380000000002,,7.2749999999999995,8.215200000000001,-3.1121999999999836,12.679799999999993
86,6.627600000000016,6.266399999999981,-2.9315999999999756,10.760400000000008,7.963199999999981,9.39120000000001,2.9567999999999914,8.626800000000001,7.09800000000002,9.605400000000014,7.492799999999977,3.28440000000003,12.012,12.301799999999988,,7.246800000000003,7.727999999999978,-2.9315999999999756,12.301799999999988
87,7.034999999999999,6.01439999999999,-2.5787999999999958,11.104800000000008,7.509600000000012,9.038399999999992,2.8560000000000025,8.626799999999992,6.7956000000000065,9.239999999999991,7.140000000000016,3.360000000000003,12.255600000000012,12.322799999999996,,7.194300000000003,7.324800000000014,-2.5787999999999958,12.322799999999996
88,7.366800000000028,5.833800000000001,-2.2133999999999894,10.940999999999997,7.627199999999999,9.521400000000007,3.1541999999999977,8.584799999999987,7.139999999999997,9.718799999999991,7.576799999999986,4.531799999999995,13.288799999999991,11.541599999999997,,7.4723999999999995,7.601999999999993,-2.2133999999999894,13.288799999999991
89,7.765799999999956,5.1701999999999995,-1.9445999999999817,10.65540000000001,7.761600000000004,9.605399999999976,2.5494000000000083,7.778399999999992,7.194599999999991,9.66419999999999,7.517999999999993,4.8552000000000435,13.57019999999997,12.037200000000007,,7.441499999999997,7.7636999999999805,-1.9445999999999817,13.57019999999997
90,6.346199999999963,4.292400000000012,-1.4405999999999812,11.60879999999997,8.639399999999991,9.05520000000001,2.175600000000003,7.933800000000003,6.438599999999981,9.013199999999996,7.085400000000012,6.014399999999972,13.7214,11.961600000000017,,7.346099999999995,7.509600000000008,-1.4405999999999812,13.7214
91,6.043799999999978,4.758599999999989,-1.3313999999999746,11.91960000000001,9.374399999999994,9.290400000000021,2.4528000000000096,8.160599999999997,6.518399999999991,9.273600000000023,6.337799999999983,5.896799999999985,13.830599999999997,12.28080000000001,,7.486200000000002,7.339499999999994,-1.3313999999999746,13.830599999999997
92,5.879999999999968,5.615400000000006,-1.37339999999997,12.251400000000002,9.706199999999985,9.092999999999996,2.3897999999999886,8.194199999999984,6.102599999999999,9.39960000000001,6.073200000000003,6.048000000000024,14.607599999999996,11.520599999999991,,7.536299999999998,7.148399999999992,-1.37339999999997,14.607599999999996
93,6.060600000000013,5.380200000000032,-1.6842000000000104,13.234200000000026,9.819600000000019,8.912400000000007,2.330999999999995,8.664600000000014,6.26640000000001,9.428999999999995,7.060199999999978,6.148799999999994,14.330400000000008,10.810800000000002,,7.6260000000000066,7.862399999999996,-1.6842000000000104,14.330400000000008
94,6.295800000000006,6.186599999999999,-1.163399999999993,13.72140000000001,9.882600000000004,9.353400000000024,2.1209999999999996,9.542399999999994,6.228599999999986,8.845200000000014,7.04339999999998,5.837999999999991,14.569800000000008,10.76459999999999,,7.802100000000001,7.944299999999997,-1.163399999999993,14.569800000000008
95,6.665400000000021,6.451200000000017,-0.6006000000000178,14.498400000000007,9.546600000000021,9.122399999999985,2.305799999999979,10.14720000000001,6.148799999999985,9.042600000000004,6.711600000000007,6.295800000000006,14.284200000000002,10.710000000000015,,7.9521000000000015,7.877100000000006,-0.6006000000000178,14.498400000000007
96,5.67000000000001,6.6275999999999975,-1.0331999999999795,13.805399999999981,10.49580000000001,9.781799999999995,1.9908000000000046,10.424399999999999,6.577199999999994,9.114000000000004,6.446999999999989,6.350399999999991,13.1964,10.605000000000008,,7.8609,7.870800000000001,-1.0331999999999795,13.805399999999981
97,4.960200000000023,7.412999999999976,-1.331400000000012,13.011599999999984,9.832199999999998,9.344999999999988,2.2553999999999848,10.453799999999996,7.055999999999997,9.660000000000018,6.253799999999992,6.388199999999977,12.910800000000014,11.184600000000009,,7.813799999999995,8.378999999999982,-1.331400000000012,13.011599999999984
98,5.203799999999996,7.63559999999998,-0.5712000000000117,13.465200000000028,9.933000000000007,9.90360000000001,3.2970000000000192,9.328199999999988,6.489000000000022,9.097200000000004,7.135799999999988,6.652800000000032,12.902399999999997,11.109000000000007,,7.970100000000004,8.366399999999992,-0.5712000000000117,13.465200000000028
99,5.527200000000007,7.627200000000018,-0.85259999999999,13.372800000000002,9.30300000000001,10.037999999999995,2.9483999999999924,8.966999999999992,5.9178000000000015,8.857800000000003,6.501599999999993,6.34200000000001,12.54539999999999,10.600799999999998,,7.6926000000000005,8.24250000000001,-0.85259999999999,13.372800000000002
100,5.241600000000001,7.139999999999978,-0.6300000000000052,12.961200000000009,9.067799999999998,9.500399999999999,3.368400000000002,8.0514,6.350400000000028,9.479400000000009,6.434400000000019,6.883800000000016,12.746999999999986,9.760799999999989,,7.596900000000003,7.595699999999988,-0.6300000000000052,12.961200000000009
101,5.052600000000031,8.118599999999972,-1.1046000000000182,12.53699999999999,8.857799999999965,9.009000000000006,3.666600000000016,7.916999999999995,6.782999999999981,8.895599999999991,5.867400000000035,7.307999999999997,13.339200000000023,9.756599999999999,,7.571699999999999,8.017799999999983,-1.1046000000000182,13.339200000000023
102,5.690999999999998,7.799400000000008,-2.19660000000001,12.314399999999987,9.323999999999998,9.000599999999988,3.5237999999999943,7.740599999999996,5.661600000000002,9.504600000000007,5.367599999999987,7.765799999999993,13.801200000000009,10.0842,,7.527299999999997,7.7826,-2.19660000000001,13.801200000000009
103,6.409200000000003,7.396200000000015,-1.4448000000000087,11.743199999999995,9.340799999999998,8.425200000000023,2.935800000000003,7.404600000000006,5.367600000000007,9.5634,5.863200000000026,7.093800000000011,13.616399999999992,10.604999999999997,,7.451400000000005,7.40040000000001,-1.4448000000000087,13.616399999999992
104,6.656999999999985,7.7070000000000185,-1.0248000000000177,11.743200000000012,8.836799999999997,8.47979999999999,3.64559999999999,7.799400000000008,5.128199999999985,10.323600000000019,5.926199999999991,7.408800000000005,13.754999999999987,10.903199999999993,,7.663499999999997,7.753200000000014,-1.0248000000000177,13.754999999999987
105,6.8753999999999795,7.698599999999982,-0.9617999999999967,11.125799999999959,8.425200000000004,8.483999999999998,4.485599999999991,7.828799999999977,4.972800000000012,10.579799999999981,6.047999999999987,7.202999999999999,13.255199999999995,11.235000000000014,,7.661099999999992,7.76369999999998,-0.9617999999999967,13.255199999999995
106,7.173600000000012,7.727999999999988,-1.218000000000015,10.626000000000023,8.731800000000009,9.454199999999993,4.313399999999982,7.845600000000004,4.997999999999999,10.626000000000005,5.854800000000008,7.883399999999999,13.284600000000001,10.050599999999992,,7.667999999999999,7.864500000000001,-1.218000000000015,13.284600000000001
107,6.787200000000017,6.988799999999995,-1.8186000000000142,10.252199999999998,9.727199999999975,9.668399999999998,4.057200000000001,7.799400000000008,5.5902,11.02500000000001,6.43020000000001,7.727999999999988,12.8688,9.970800000000002,,7.648199999999998,7.763699999999998,-1.8186000000000142,12.8688
108,6.829199999999975,6.976200000000024,-0.9239999999999915,10.84019999999999,10.046399999999984,8.803200000000018,3.71280000000002,8.555399999999999,5.695199999999988,10.382400000000011,6.262199999999991,8.206799999999973,13.477800000000016,9.7356,,7.7571,8.381099999999986,-0.9239999999999915,13.477800000000016
109,6.988799999999995,7.2197999999999976,-0.8567999999999802,10.2438,10.470600000000003,7.677600000000031,2.9904000000000064,9.265199999999979,6.027000000000017,9.39120000000003,5.548200000000014,8.110199999999992,13.246799999999997,9.424799999999996,,7.553400000000004,7.893900000000011,-0.8567999999999802,13.246799999999997
110,6.971999999999978,7.820399999999978,-1.0415999999999785,10.735199999999992,10.77719999999999,7.539,3.1752000000000233,9.109799999999975,5.909399999999993,9.311399999999992,5.367599999999987,8.2026,12.60420000000002,10.214399999999994,,7.6211999999999955,8.01149999999999,-1.0415999999999785,12.60420000000002
111,6.299999999999996,7.52640000000001,-0.7224000000000137,10.269000000000016,11.528999999999998,7.824599999999987,2.9610000000000003,10.378199999999994,5.585999999999991,9.525599999999994,5.703600000000025,9.000600000000006,12.322800000000004,9.941400000000005,,7.7246999999999995,8.412599999999996,-0.7224000000000137,12.322800000000004
112,6.346199999999982,7.114800000000018,0.029399999999987436,10.604999999999997,11.209799999999996,8.576400000000007,2.305799999999998,9.937200000000006,5.392799999999993,9.219000000000019,5.359199999999988,8.874600000000001,11.100599999999998,9.697799999999994,,7.554899999999999,8.725500000000004,0.029399999999987436,11.209799999999996
113,7.068600000000033,7.732199999999997,-0.38220000000000454,11.318999999999994,10.970399999999984,8.773799999999994,2.847599999999985,10.147199999999984,6.409200000000003,9.945600000000006,5.581799999999991,8.46300000000001,11.041799999999988,9.752400000000009,,7.833599999999997,8.618400000000001,-0.38220000000000454,11.318999999999994
114,6.967799999999969,7.45499999999999,-0.02099999999996971,10.550400000000014,11.134199999999996,8.694000000000013,2.71739999999999,10.596599999999999,6.657000000000004,10.205999999999996,5.703600000000043,8.437799999999994,10.332,8.568000000000007,,7.7142000000000035,8.5029,-0.02099999999996971,11.134199999999996
115,7.408799999999986,6.6149999999999896,0.0672000000000299,11.289599999999988,11.35679999999998,8.832599999999989,2.6082000000000205,11.10059999999999,6.144600000000023,10.638599999999975,5.371799999999996,9.555000000000001,10.659600000000001,8.618400000000012,,7.876199999999999,8.7255,0.0672000000000299,11.35679999999998
116,7.786800000000019,6.451200000000017,-0.17639999999998057,11.390399999999996,11.298000000000005,9.185399999999968,2.9567999999999914,10.730999999999993,6.115199999999998,11.4198,5.846400000000009,9.290400000000002,10.634400000000003,9.504600000000018,,8.031000000000002,9.237899999999986,-0.17639999999998057,11.4198
117,7.8246000000000056,5.9136000000000015,0.0335999999999963,11.415599999999973,11.125799999999996,9.273599999999986,3.1457999999999986,10.873800000000006,6.6275999999999975,11.09219999999998,6.2076000000000064,8.152199999999988,11.3568,9.122400000000011,,8.011799999999996,8.6373,0.0335999999999963,11.415599999999973
118,7.883400000000018,5.401199999999983,1.0205999999999902,11.512199999999972,11.075399999999991,8.740200000000016,3.406200000000007,11.226599999999994,6.501600000000011,11.348400000000002,6.476399999999977,7.610400000000001,11.365199999999998,9.40379999999998,,8.069399999999996,8.311800000000016,1.0205999999999902,11.512199999999972
119,7.786799999999963,4.401600000000019,0.4577999999999962,11.696999999999989,10.609199999999987,9.479400000000009,3.0156000000000036,11.365199999999998,6.426000000000001,11.398799999999994,6.413400000000012,7.018200000000001,11.281200000000007,9.1434,,7.892399999999999,8.465099999999982,0.4577999999999962,11.696999999999989
120,7.602000000000002,4.573800000000028,0.5334000000000438,11.474400000000005,10.369799999999994,9.39540000000002,2.6124000000000107,10.382400000000013,6.140399999999995,10.928399999999971,6.115200000000017,6.636000000000015,11.247599999999991,9.164399999999997,,7.655400000000007,8.383199999999999,0.5334000000000438,11.474400000000005
121,7.253399999999975,4.788000000000014,0.6216000000000061,11.675999999999982,10.537799999999987,9.979200000000002,1.7849999999999993,10.794000000000015,5.59859999999999,11.222399999999995,6.2076000000000064,7.051799999999997,11.789400000000015,7.572599999999997,,7.634099999999999,7.412999999999986,0.6216000000000061,11.789400000000015
122,6.661200000000031,4.9308000000000165,-0.06720000000001125,10.768800000000027,10.575600000000001,10.298400000000012,2.234400000000016,11.247600000000002,6.320999999999966,10.441199999999988,6.942599999999991,7.929599999999985,11.919600000000012,7.387800000000007,,7.685100000000004,7.658699999999996,-0.06720000000001125,11.919600000000012
123,6.669599999999974,4.9938,0.8904000000000138,11.403000000000002,10.571399999999993,9.626400000000004,2.4023999999999965,11.024999999999999,6.6024,10.416000000000011,7.02240000000001,7.366799999999972,11.898600000000023,7.408799999999996,,7.735499999999999,7.387799999999984,0.8904000000000138,11.898600000000023
124,6.552000000000006,3.7800000000000127,1.1801999999999913,12.070799999999995,10.672200000000007,9.920400000000008,1.612800000000009,10.15140000000002,5.972399999999995,10.58399999999999,5.476800000000031,7.639800000000007,11.44079999999999,7.291199999999989,,7.453200000000003,7.465499999999999,1.1801999999999913,12.070799999999995
125,5.728800000000022,3.0114000000000134,0.9198000000000013,12.465600000000007,11.394600000000004,10.1598,1.730399999999996,9.693599999999996,5.83800000000001,10.66380000000001,5.153400000000001,7.7951999999999995,11.680199999999992,7.312199999999997,,7.396200000000003,7.553699999999998,0.9198000000000013,12.465600000000007
126,5.296200000000004,3.2928000000000104,1.2558000000000016,12.133800000000035,10.831800000000008,9.31979999999999,1.1045999999999996,10.008600000000008,5.0610000000000115,10.953599999999987,5.25419999999999,7.123199999999999,12.062399999999975,6.501599999999993,,7.157100000000002,6.812399999999996,1.1045999999999996,12.133800000000035
127,5.283599999999996,2.6669999999999954,1.7639999999999922,12.35220000000001,11.390400000000005,9.441600000000005,0.7895999999999876,9.609600000000004,4.8677999999999955,10.836,4.909799999999991,7.303800000000026,12.066600000000015,6.984599999999995,,7.161900000000001,7.14420000000001,0.7895999999999876,12.35220000000001
128,4.955999999999995,2.8686000000000105,3.1752000000000233,11.806200000000015,11.663399999999992,9.609599999999986,0.029399999999988324,8.88300000000002,4.98960000000001,11.226600000000005,4.531799999999995,7.362599999999982,11.583599999999993,6.6822,,7.097700000000001,7.02239999999999,0.029399999999988324,11.806200000000015
129,5.2667999999999795,3.481799999999999,3.1626000000000154,11.394600000000004,12.394200000000023,9.710400000000003,-0.2436000000000096,7.6313999999999895,4.73340000000001,11.35260000000001,4.284000000000013,6.539400000000035,11.306400000000004,7.413000000000004,,7.030500000000005,6.97620000000002,-0.2436000000000096,12.394200000000023
130,5.497800000000019,4.1327999999999925,3.8975999999999997,12.137999999999987,12.00360000000002,9.576,1.0205999999999902,7.181999999999992,5.413799999999991,11.713799999999988,4.645199999999992,6.778799999999981,10.66800000000001,7.858199999999993,,7.323299999999997,6.980399999999987,1.0205999999999902,12.137999999999987
131,5.762400000000018,4.149600000000009,4.237799999999972,11.634000000000006,12.423599999999993,9.790199999999995,1.8480000000000016,7.022399999999992,4.989599999999991,10.90320000000001,3.796799999999992,6.136199999999986,10.7604,7.480199999999988,,7.2095999999999965,6.579299999999989,1.8480000000000016,12.423599999999993
132,5.980799999999994,3.7044000000000024,4.9979999999999905,12.440399999999991,12.78479999999999,9.626400000000004,1.4322000000000195,8.051400000000019,4.750200000000027,10.789799999999996,4.07399999999998,6.165600000000011,10.647000000000002,7.7154000000000185,,7.368600000000003,6.940500000000014,1.4322000000000195,12.78479999999999
133,5.896800000000003,3.360000000000003,5.317200000000011,12.553800000000006,12.990599999999977,9.513000000000007,1.041600000000015,7.139999999999998,4.7586000000000075,11.499600000000001,4.884599999999994,5.195399999999997,10.621800000000004,8.610000000000003,,7.384500000000002,6.518400000000001,1.041600000000015,12.990599999999977
134,6.140399999999995,4.418400000000017,5.405399999999992,12.448799999999991,12.667200000000005,9.605399999999996,0.4158000000000204,6.728400000000004,5.0820000000000185,12.100200000000001,4.9938,4.7586000000000075,10.621799999999997,8.593200000000005,,7.427100000000004,6.4344,0.4158000000000204,12.667200000000005
135,5.737199999999984,4.246200000000008,6.0984,12.389999999999997,12.385799999999996,9.848999999999979,1.0373999999999883,5.619600000000015,5.548200000000014,12.465599999999988,5.917800000000029,4.855200000000006,11.398800000000023,8.127,,7.548300000000002,6.008100000000015,1.0373999999999883,12.465599999999988
136,6.484800000000013,5.039999999999986,5.678400000000009,11.600399999999972,11.197200000000006,8.517600000000003,1.1045999999999987,6.3714000000000155,5.153400000000029,12.280800000000008,5.523000000000017,4.762799999999979,12.167400000000004,8.488199999999997,,7.455000000000003,6.428100000000015,1.1045999999999987,12.280800000000008
137,6.346200000000038,4.464600000000003,5.6027999999999984,11.159399999999993,11.654999999999994,8.227799999999979,1.0332000000000168,6.300000000000016,4.905599999999991,12.033000000000008,6.161400000000002,4.225200000000001,11.7642,8.824199999999998,,7.335900000000003,6.323100000000027,1.0332000000000168,12.033000000000008
138,6.5730000000000315,4.22940000000001,6.426000000000001,11.289600000000007,12.226199999999988,8.38319999999999,0.5754000000000019,6.19079999999999,5.2122000000000135,12.3732,6.875400000000017,4.737600000000019,9.92039999999998,8.929200000000005,,7.424400000000004,6.724200000000025,0.5754000000000019,12.3732
139,6.396600000000014,5.140799999999993,5.934600000000027,10.798200000000014,12.633600000000007,8.379000000000001,1.259999999999991,6.61919999999998,5.41800000000001,12.0288,6.6696000000000115,4.5696,9.932999999999996,9.042599999999993,,7.487400000000002,6.644399999999996,1.259999999999991,12.633600000000007
140,6.509999999999973,4.670399999999989,6.312600000000023,10.739400000000039,13.04099999999999,8.274000000000003,1.0751999999999935,6.287400000000006,5.233199999999973,11.201400000000026,5.947199999999998,4.645200000000011,9.189600000000006,8.870399999999984,,7.285500000000001,6.411299999999998,1.0751999999999935,13.04099999999999
141,6.669599999999974,4.741800000000009,6.942599999999991,11.25600000000001,13.515600000000013,7.916999999999996,1.385999999999978,6.110999999999999,4.947599999999996,10.84019999999999,6.005999999999991,4.170599999999998,8.72340000000002,8.169000000000006,,7.242599999999998,6.806099999999983,1.385999999999978,13.515600000000013
142,6.413399999999993,5.115599999999996,7.266000000000002,11.776800000000026,13.20480000000002,7.417200000000004,0.9324000000000092,5.758199999999991,4.977000000000002,10.646999999999995,5.695199999999988,4.086600000000044,8.080800000000014,7.929600000000004,,7.092900000000006,6.839699999999997,0.9324000000000092,13.20480000000002
143,6.278999999999989,4.611599999999996,7.291199999999999,10.93679999999999,13.557599999999997,7.236599999999996,-0.07560000000002898,4.951799999999995,5.758200000000009,10.49579999999999,5.485200000000011,4.195799999999995,8.311799999999998,8.147999999999998,,6.9416999999999955,6.7577999999999925,-0.07560000000002898,13.557599999999997
144,6.896399999999968,4.4898,7.001399999999984,10.735200000000013,13.721400000000008,7.253400000000003,-0.7769999999999797,5.472599999999985,5.728799999999985,10.823400000000012,5.401199999999983,4.111800000000023,8.513399999999994,7.6608000000000045,,6.9308999999999985,6.948899999999976,-0.7769999999999797,13.721400000000008
145,6.883799999999979,4.4016,7.404599999999996,11.188800000000018,13.994399999999988,7.471799999999988,0.692999999999989,4.494000000000018,5.871600000000006,11.747399999999985,5.086200000000027,3.4355999999999947,8.584799999999987,7.698600000000001,,7.068299999999999,7.144199999999987,0.692999999999989,13.994399999999988
146,6.081600000000002,4.384800000000002,7.736399999999987,10.726799999999994,13.826400000000007,7.467599999999999,0.49139999999997386,3.935399999999996,5.241599999999991,11.562600000000003,4.834199999999999,3.4271999999999956,9.017399999999984,7.921200000000022,,6.9038999999999975,6.7746,0.49139999999997386,13.826400000000007
147,6.262199999999991,4.3050000000000015,7.517999999999993,11.331599999999984,13.7088,7.904400000000005,-0.10919999999998709,4.292399999999984,5.300400000000004,11.894399999999997,4.3260000000000085,4.321800000000037,9.23159999999999,7.585200000000014,,6.990900000000002,6.8900999999999915,-0.10919999999998709,13.7088
148,6.379799999999997,4.821599999999991,7.669199999999976,11.7558,14.036400000000004,7.845600000000012,0.5207999999999986,6.001800000000001,5.006399999999998,12.847799999999992,5.296200000000004,4.548600000000031,9.386999999999972,7.492799999999986,,7.400699999999998,6.936299999999991,0.5207999999999986,14.036400000000004
149,7.308000000000016,4.960200000000004,7.648199999999988,12.612600000000018,14.552999999999992,8.341199999999995,-0.6005999999999982,5.602800000000008,5.3045999999999935,12.490800000000004,5.733000000000031,4.23779999999999,9.601199999999997,7.215600000000017,,7.500600000000005,7.261800000000017,-0.6005999999999982,14.552999999999992
150,7.2113999999999985,5.397000000000012,7.379399999999961,12.268199999999982,14.645400000000029,8.412599999999998,-0.3360000000000021,5.166000000000009,5.812800000000003,11.844000000000001,5.577599999999964,4.351199999999968,9.395399999999999,7.19040000000001,,7.451099999999994,7.200900000000004,-0.3360000000000021,14.645400000000029
151,6.997200000000013,4.7165999999999935,8.034600000000001,12.87299999999999,14.846999999999987,8.274000000000003,0.3570000000000073,5.695200000000007,5.791799999999987,11.529000000000009,6.346199999999982,4.191599999999986,8.920800000000007,7.228200000000006,,7.557299999999997,7.112700000000009,0.3570000000000073,14.846999999999987
152,6.447000000000008,4.8677999999999955,7.85400000000003,13.339200000000005,15.069600000000001,8.845200000000006,0.3948000000000125,5.346599999999989,6.43440000000001,11.474400000000005,6.430199999999991,4.158000000000008,9.2358,6.501599999999993,,7.599900000000004,6.4743,0.3948000000000125,15.069600000000001
153,6.085800000000029,5.346600000000017,7.475999999999997,12.772200000000002,14.56140000000001,9.311399999999992,0.2016000000000151,4.855199999999979,6.283199999999988,11.193000000000008,6.392400000000023,4.439400000000005,9.378599999999985,6.741000000000003,,7.5027000000000035,6.566700000000013,0.2016000000000151,14.56140000000001
154,6.241200000000021,5.258400000000018,7.837199999999995,12.263999999999974,14.716800000000031,9.319799999999999,0.5418000000000056,5.711999999999995,6.505799999999974,10.184999999999999,5.787599999999978,4.733399999999992,8.580600000000015,6.904800000000023,,7.470600000000003,6.7052999999999985,0.5418000000000056,14.716800000000031
155,6.1193999999999695,5.380200000000014,8.059800000000017,11.873400000000007,15.136800000000003,8.626799999999992,0.49140000000001116,4.061399999999991,6.33780000000002,10.277400000000016,5.884200000000014,4.901400000000029,9.50039999999998,7.257600000000004,,7.422000000000003,6.797700000000011,0.49140000000001116,15.136800000000003
156,5.573400000000011,5.922000000000019,7.631400000000008,11.793599999999987,14.867999999999984,8.420999999999985,0.550199999999986,3.4692,6.022800000000008,10.5882,6.476400000000014,4.792199999999985,9.836400000000017,7.320600000000004,,7.3761,6.898500000000009,0.550199999999986,14.867999999999984
157,5.514599999999999,5.758199999999972,7.266000000000002,12.2682,13.72979999999999,8.9712,0.08400000000001029,3.2507999999999875,6.522600000000018,10.697400000000005,6.00180000000002,5.056799999999965,8.88300000000001,7.034999999999981,,7.217099999999997,6.7787999999999995,0.08400000000001029,13.72979999999999
158,6.165599999999974,6.350400000000009,6.829199999999994,11.633999999999986,13.481999999999971,8.883000000000001,0.31080000000000396,4.1495999999999995,7.2029999999999905,10.961999999999986,5.43479999999998,5.409599999999982,8.895600000000018,8.0598,,7.412099999999993,7.016099999999993,0.31080000000000396,13.481999999999971
159,6.165599999999974,5.787599999999997,6.9468,11.915399999999984,13.80119999999999,8.996400000000017,0.15960000000001973,3.9857999999999905,7.580999999999985,10.84020000000001,5.413799999999991,5.552400000000023,8.189999999999994,8.211,,7.3961999999999986,7.2638999999999925,0.15960000000001973,13.80119999999999
160,6.153000000000003,5.476799999999994,7.366800000000009,11.520600000000027,13.775999999999984,8.366399999999983,0.22260000000002123,4.3302000000000085,7.354200000000001,11.486999999999995,5.006400000000008,5.081999999999981,8.03040000000001,7.88339999999998,,7.289700000000002,7.360500000000005,0.22260000000002123,13.775999999999984
161,6.6275999999999975,4.216800000000002,6.736799999999967,11.34840000000002,14.317799999999991,8.437799999999994,0.1679999999999815,4.477199999999973,6.762000000000001,11.213999999999977,5.111399999999987,4.926600000000008,7.631400000000008,8.29500000000001,,7.162199999999996,6.749399999999984,0.1679999999999815,14.317799999999991
162,6.148799999999994,4.15799999999999,6.333600000000011,12.25560000000003,13.578600000000005,9.135000000000009,0.36539999999998685,4.767000000000007,6.551999999999987,11.335799999999992,4.397399999999973,5.15340000000002,7.862399999999992,7.828799999999996,,7.1337,6.442799999999999,0.36539999999998685,13.578600000000005
163,5.3508000000000076,4.355400000000015,6.728400000000024,11.818800000000003,14.141399999999999,8.845200000000006,0.18899999999998762,4.893000000000002,6.4763999999999955,11.403000000000002,4.708200000000013,5.25419999999999,8.202599999999983,8.072399999999996,,7.174200000000004,6.60240000000001,0.18899999999998762,14.141399999999999
164,5.653199999999993,3.691800000000013,6.774600000000009,11.25599999999999,13.885200000000019,9.223199999999991,-0.37380000000000635,4.174799999999979,6.329400000000021,11.839799999999993,5.111400000000006,5.964000000000033,8.28660000000001,8.114400000000002,,7.137900000000003,6.552000000000016,-0.37380000000000635,13.885200000000019
165,6.337799999999983,3.8808000000000202,7.366800000000009,11.302199999999996,13.662599999999996,8.601599999999994,0.05879999999999441,5.552400000000023,6.144600000000004,11.478599999999986,3.960600000000002,5.942999999999989,8.34960000000003,7.975799999999989,,7.186800000000001,6.852299999999996,0.05879999999999441,13.662599999999996
166,6.232800000000022,4.06140000000001,7.076999999999995,11.730599999999985,13.473600000000019,9.126599999999993,0.29400000000000404,4.851000000000006,6.186599999999999,11.85659999999999,3.658199999999998,5.917799999999992,8.148000000000017,7.706999999999971,,7.165799999999998,6.6549000000000085,0.29400000000000404,13.473600000000019
167,6.312600000000004,3.301199999999991,7.303799999999988,12.293399999999998,13.171200000000006,9.256800000000016,0.38639999999999475,5.712000000000005,5.716199999999995,11.969999999999988,3.796800000000011,6.497400000000021,8.53860000000002,6.514200000000001,,7.197900000000003,6.505800000000011,0.38639999999999475,13.171200000000006
168,5.892599999999976,2.633399999999999,7.509599999999975,12.175799999999974,13.284600000000001,8.97959999999998,0.40740000000000265,6.980399999999996,5.766600000000008,11.797799999999997,3.023999999999984,6.892200000000015,9.164399999999997,6.783000000000008,,7.235099999999995,6.9363000000000055,0.40740000000000265,13.284600000000001
169,6.526800000000027,2.3100000000000067,7.144199999999987,12.444600000000019,12.810000000000006,8.88300000000001,1.2264000000000141,5.800200000000023,5.363399999999997,12.074999999999985,3.2633999999999856,6.312599999999986,8.307599999999999,6.904800000000004,,7.098000000000004,6.715800000000016,1.2264000000000141,12.810000000000006
170,6.803999999999997,2.8811999999999998,6.220200000000014,12.12959999999999,13.780200000000002,8.580599999999997,2.100000000000011,5.976599999999994,4.7039999999999855,13.166999999999994,3.347399999999995,6.715800000000016,7.916999999999995,6.585600000000002,,7.207799999999999,6.650700000000009,2.100000000000011,13.780200000000002
171,6.547799999999997,3.3809999999999913,7.030800000000009,12.331199999999985,13.906200000000007,8.765399999999996,2.461199999999991,4.1454,4.8258,13.687800000000014,3.6960000000000033,6.362999999999999,8.168999999999986,6.803999999999988,,7.293899999999998,6.675899999999992,2.461199999999991,13.906200000000007
172,6.707399999999979,3.855600000000023,7.333199999999994,12.137999999999987,13.918800000000005,8.715000000000002,2.1923999999999824,3.9144000000000068,4.829999999999972,14.191799999999995,3.7842000000000215,7.013999999999992,8.547,6.400800000000004,6.35879999999999,7.395899999999998,6.860699999999985,2.1923999999999824,14.191799999999995
173,6.304200000000042,3.1206000000000014,6.980399999999977,11.575199999999995,13.54920000000001,7.942199999999992,2.2049999999999903,3.1584000000000065,4.809000000000002,14.091000000000005,4.1537999999999995,7.581000000000014,9.084599999999998,6.560399999999986,6.489000000000003,7.222500000000002,6.770399999999982,2.2049999999999903,14.091000000000005
174,6.0648000000000035,2.5956000000000126,6.388199999999977,10.920000000000028,12.9528,7.816200000000007,2.255400000000022,3.330599999999987,4.964400000000013,14.47320000000001,3.9018000000000086,7.971599999999999,9.160199999999989,5.724599999999994,5.858999999999998,7.037100000000003,6.226499999999991,2.255400000000022,14.47320000000001
175,5.65740000000002,2.9273999999999853,5.91360000000002,10.966200000000013,12.650400000000005,8.353800000000012,2.784600000000001,3.8682000000000127,5.165999999999991,14.632799999999992,4.279799999999986,8.572200000000016,9.622199999999994,6.047999999999987,5.913599999999983,7.245900000000003,5.980800000000004,2.784600000000001,14.632799999999992
176,5.703599999999987,2.9777999999999984,5.985000000000003,11.743199999999975,13.196400000000002,8.467199999999998,2.94840000000001,4.48979999999999,4.5696,14.9016,4.82160000000001,8.685599999999976,10.046399999999975,5.9304,5.695200000000007,7.461899999999995,5.957700000000001,2.94840000000001,14.9016
177,5.552399999999985,2.776200000000002,6.0984000000000185,11.86919999999998,13.129200000000019,8.4042,2.6333999999999804,5.359200000000026,4.556999999999974,14.498400000000007,4.204199999999994,8.950199999999993,9.588599999999998,5.779200000000016,5.539799999999996,7.3857,5.938800000000017,2.6333999999999804,14.498400000000007
178,5.0063999999999895,2.6627999999999865,6.568799999999985,11.953200000000008,13.696199999999992,8.106000000000003,3.3515999999999853,6.862799999999991,4.691399999999996,14.053199999999983,4.33439999999997,8.849399999999967,9.954000000000004,6.0017999999999825,5.6742,7.57799999999999,6.715799999999988,2.6627999999999865,14.053199999999983
179,4.569599999999963,2.8181999999999974,6.585600000000021,12.087599999999993,13.44420000000002,8.1312,3.0533999999999715,6.7788000000000075,3.9396000000000324,13.89779999999999,5.073600000000001,9.752400000000009,10.357200000000017,5.539799999999977,5.997599999999992,7.5735,6.682200000000014,2.8181999999999974,13.89779999999999
180,5.34239999999999,1.6253999999999982,6.896400000000005,11.104800000000008,13.259399999999994,8.04719999999999,3.0492000000000186,6.967799999999998,3.481799999999999,13.797,5.863200000000026,10.042200000000005,9.235800000000019,5.027400000000006,5.985000000000003,7.410000000000003,6.932100000000002,1.6253999999999982,13.797
181,5.623799999999987,1.4825999999999953,6.913200000000022,10.840200000000046,12.637800000000007,8.526000000000003,2.8938000000000264,6.875399999999999,3.2423999999999786,14.838599999999998,5.090400000000018,9.534000000000031,9.760800000000007,5.649000000000003,5.241600000000001,7.422000000000009,6.89430000000001,1.4825999999999953,14.838599999999998
182,6.215999999999987,1.6842000000000104,6.736800000000004,10.130400000000003,12.684000000000012,9.294600000000003,3.0366000000000106,7.866600000000001,3.0491999999999813,15.124200000000004,4.187400000000014,9.029999999999976,10.054799999999993,5.6111999999999975,6.795599999999979,7.478999999999999,7.301700000000002,1.6842000000000104,15.124200000000004
183,6.489000000000003,2.2553999999999848,6.556200000000033,10.957799999999995,12.385799999999978,8.567999999999989,3.3809999999999913,7.597800000000003,3.611999999999994,14.624400000000012,3.8975999999999997,9.5718,9.580199999999998,6.547799999999978,6.808200000000006,7.573199999999997,7.077000000000018,2.2553999999999848,14.624400000000012
184,5.8169999999999655,2.603999999999993,5.615399999999988,11.180400000000017,12.427799999999994,8.248799999999996,3.2507999999999964,7.769999999999993,4.439400000000005,14.21700000000001,4.095000000000006,10.101000000000017,9.500399999999999,6.841799999999983,5.850599999999999,7.579199999999996,7.305899999999989,2.603999999999993,14.21700000000001
185,5.329799999999982,3.3053999999999997,5.056800000000021,10.709999999999996,11.6886,7.669199999999996,2.8349999999999955,8.152199999999997,4.880400000000003,14.594999999999988,3.8472000000000053,10.722600000000021,8.862000000000013,7.442399999999992,5.909400000000011,7.506900000000001,7.555799999999994,2.8349999999999955,14.594999999999988
186,6.127800000000025,3.6455999999999715,5.266799999999998,11.025000000000027,11.579399999999993,7.2113999999999985,2.2973999999999988,8.673000000000014,4.355399999999996,13.792800000000028,3.528000000000003,10.974599999999995,8.895599999999991,7.022399999999982,6.102600000000009,7.4568,7.1168999999999905,2.2973999999999988,13.792800000000028
187,5.182800000000026,3.4019999999999797,4.6620000000000275,10.932599999999999,11.659199999999995,7.417199999999994,1.5707999999999762,8.240399999999998,4.338599999999979,13.549199999999981,3.5952000000000144,10.81920000000002,9.051000000000002,6.850200000000001,5.615400000000006,7.2336,7.1336999999999975,1.5707999999999762,13.549199999999981
188,5.821200000000012,3.590999999999968,5.107199999999997,11.541599999999997,11.575200000000011,6.967799999999987,0.7769999999999797,7.161000000000003,3.6623999999999883,14.112000000000013,3.3473999999999764,10.390799999999993,9.353400000000004,6.547799999999987,5.560799999999984,7.139699999999995,6.757799999999987,0.7769999999999797,14.112000000000013
189,5.455800000000005,2.6208000000000284,5.128199999999985,10.991399999999992,12.209399999999999,7.539000000000018,0.625800000000015,6.757799999999992,2.944200000000021,13.5408,4.115999999999994,10.785600000000006,8.509200000000014,6.724200000000005,5.4726000000000035,6.996300000000006,6.740999999999998,0.625800000000015,13.5408
190,5.4515999999999964,2.0453999999999892,5.569200000000021,10.6848,11.8524,7.291199999999981,-0.19319999999999737,6.0648000000000035,3.1541999999999977,13.003200000000003,4.506600000000017,10.185000000000006,8.105999999999984,7.1946,5.3382,6.779699999999999,6.6297000000000015,-0.19319999999999737,13.003200000000003
191,5.447399999999969,1.6505999999999768,4.712400000000022,10.638599999999995,12.196799999999982,6.921600000000011,0.2058000000000053,5.531399999999997,3.943800000000004,13.738200000000006,4.65360000000001,10.075800000000001,8.836799999999997,7.786799999999982,5.296200000000004,6.8813999999999975,6.226500000000004,0.2058000000000053,13.738200000000006
192,4.825799999999963,1.5161999999999916,4.0656,10.399200000000011,12.419400000000012,6.862800000000009,0.2604000000000086,4.368000000000004,4.246200000000008,13.7088,4.472999999999983,10.092600000000017,8.4672,7.971599999999999,5.6532000000000115,6.691200000000001,5.844299999999986,0.2604000000000086,13.7088
193,5.153400000000001,1.5245999999999906,4.426799999999997,10.311000000000012,12.898199999999996,6.5855999999999835,-0.34020000000000916,5.334000000000009,3.8261999999999983,13.742399999999996,4.132800000000011,10.063199999999973,7.736399999999987,7.6734000000000036,5.384400000000004,6.647699999999996,5.959799999999996,-0.34020000000000916,13.742399999999996
194,5.455800000000005,1.2852000000000077,4.733400000000029,10.344600000000007,12.910800000000005,6.6107999999999905,-0.6761999999999908,6.043799999999988,4.036199999999994,14.338800000000006,4.137000000000001,9.958200000000012,7.874999999999981,7.2113999999999985,5.627999999999996,6.733200000000002,6.327299999999989,-0.6761999999999908,14.338800000000006
195,5.119800000000005,0.5039999999999818,5.523000000000035,10.348799999999997,13.927200000000006,7.068600000000005,-0.3570000000000073,5.91780000000001,4.099199999999996,14.095199999999995,4.128599999999984,10.319399999999991,8.097600000000003,6.774600000000009,5.632200000000013,6.826199999999999,6.34620000000001,-0.3570000000000073,14.095199999999995
196,4.943400000000006,1.1129999999999987,5.779199999999998,10.008599999999989,14.893199999999982,6.476400000000005,-1.26839999999999,6.8040000000000065,4.5653999999999915,13.372800000000002,4.372200000000013,10.869600000000034,7.912800000000005,6.594000000000001,5.690999999999979,6.888300000000003,6.535200000000003,-1.26839999999999,14.893199999999982
197,5.044200000000013,1.0499999999999776,5.283599999999996,9.563399999999982,14.935199999999988,7.068600000000004,-1.5246000000000093,6.518399999999991,4.1117999999999855,13.843200000000007,3.2591999999999954,10.932600000000019,7.329000000000023,6.963600000000016,6.228600000000004,6.7413,6.741000000000003,-1.5246000000000093,14.935199999999988
198,5.594399999999999,1.024799999999999,5.8085999999999665,9.025800000000022,14.191800000000004,7.2071999999999985,-1.0248000000000177,6.123599999999997,4.909799999999991,13.595400000000005,3.6539999999999893,10.470599999999994,7.597799999999993,6.841799999999983,6.089999999999991,6.787199999999993,6.482699999999991,-1.0248000000000177,14.191800000000004
199,5.518800000000008,0.680399999999981,5.346599999999961,8.635200000000001,14.212800000000012,7.488600000000006,-0.873599999999997,5.720400000000004,5.439000000000007,13.410600000000006,3.775799999999985,10.226999999999965,7.602000000000002,6.837600000000012,5.884200000000014,6.715799999999996,6.279000000000008,-0.873599999999997,14.212800000000012
200,5.632199999999986,1.738799999999995,4.708199999999994,8.765399999999996,14.532000000000014,7.543200000000009,-0.562799999999994,5.195399999999988,5.413799999999973,12.725999999999999,3.1668000000000056,9.302999999999992,8.059800000000017,6.799799999999969,6.064799999999985,6.6443999999999965,6.215999999999978,-0.562799999999994,14.532000000000014
201,5.39700000000003,1.3859999999999966,5.132399999999994,9.093000000000014,14.019600000000004,7.46339999999999,0.12179999999999591,4.078200000000017,5.686800000000008,11.613000000000017,3.3599999999999843,9.525599999999976,7.778400000000001,6.799800000000025,6.039600000000006,6.532500000000004,6.2433000000000165,0.12179999999999591,14.019600000000004
202,4.788000000000014,1.8647999999999998,5.699399999999997,8.706599999999984,14.05739999999999,7.266000000000002,-0.3570000000000073,3.2886000000000006,4.871999999999986,11.869200000000017,3.5531999999999817,9.328199999999988,8.252999999999997,6.463800000000005,6.010200000000019,6.403799999999996,6.081600000000002,-0.3570000000000073,14.05739999999999
203,5.187000000000016,1.260000000000029,5.501999999999991,8.652000000000017,14.1372,6.5016000000000105,0.7769999999999797,3.3138000000000085,5.128200000000004,11.272800000000007,3.712799999999983,9.22320000000001,8.328599999999987,5.879999999999987,6.501599999999993,6.348300000000002,5.690999999999988,0.7769999999999797,14.1372
204,4.82999999999999,1.5414000000000074,6.085799999999992,8.597399999999993,14.527799999999996,5.9262000000000095,0.5586000000000038,3.2676000000000043,5.170199999999981,11.067000000000021,4.187400000000014,9.021599999999996,8.2194,6.350399999999991,6.669600000000003,6.3822,6.006,0.5586000000000038,14.527799999999996
205,4.443600000000014,1.616999999999999,6.16980000000002,8.509200000000014,14.2212,6.211799999999996,-0.6972000000000165,3.515400000000014,5.447400000000016,10.479000000000012,3.5111999999999677,9.571800000000017,8.420999999999996,6.896400000000005,6.396600000000005,6.308400000000003,6.190800000000008,-0.6972000000000165,14.2212
206,4.1411999999999916,1.0667999999999944,5.901000000000012,9.000600000000006,13.754999999999987,6.144600000000005,-0.8399999999999634,3.9816000000000185,5.884199999999995,10.592400000000008,3.9102000000000077,9.353399999999986,8.412599999999998,7.316399999999996,6.640200000000015,6.330000000000004,6.022800000000009,-0.8399999999999634,13.754999999999987
207,3.9437999999999853,0.7685999999999993,5.804399999999995,8.706600000000002,13.897799999999998,5.989199999999993,-0.38639999999999475,3.649799999999999,5.842200000000019,11.331600000000002,3.0869999999999864,9.429000000000016,8.601600000000005,6.732599999999995,6.362999999999999,6.2427,5.915700000000006,-0.38639999999999475,13.897799999999998
208,3.872400000000021,1.1634000000000304,5.674200000000019,9.508799999999997,12.994800000000023,6.640200000000005,-0.7391999999999932,3.418800000000006,6.010199999999999,11.239200000000011,3.687600000000004,9.378599999999985,7.7868,7.728000000000007,6.304199999999978,6.311700000000008,6.325200000000002,-0.7391999999999932,12.994800000000023
209,4.241999999999999,0.8189999999999937,4.964399999999994,10.168199999999988,13.431599999999994,6.9300000000000015,-0.18900000000002581,3.452400000000012,6.707399999999998,11.272800000000007,3.7128000000000014,9.172800000000034,7.8078000000000065,6.9089999999999945,6.022800000000018,6.385800000000001,6.808199999999996,-0.18900000000002581,13.431599999999994
210,4.662000000000009,0.701399999999988,5.376000000000005,10.298400000000022,12.86460000000001,7.480200000000024,-0.8820000000000148,2.8854000000000086,6.883800000000006,10.3236,3.767399999999986,9.034200000000022,7.522199999999982,6.925800000000011,6.543599999999979,6.274500000000004,6.904800000000009,-0.8820000000000148,12.86460000000001
211,4.892999999999974,1.2431999999999936,5.40960000000002,10.281600000000005,12.856200000000001,7.623000000000009,-1.7682000000000198,3.7967999999999833,6.9342000000000015,10.31100000000001,3.4398000000000035,8.992200000000025,6.459599999999979,6.657000000000004,6.799800000000016,6.2235,6.558299999999991,-1.7682000000000198,12.856200000000001
212,5.207999999999967,0.8273999999999928,5.174400000000008,9.702000000000014,12.873000000000001,8.198399999999992,-1.2642000000000007,4.716600000000003,7.106400000000001,9.844799999999996,2.8769999999999722,7.660799999999996,6.127800000000006,6.396599999999995,6.224399999999996,6.103499999999996,6.2622,-1.2642000000000007,12.873000000000001
213,5.896800000000003,0.7434000000000021,4.73340000000001,9.91200000000001,13.083000000000014,8.294999999999991,-1.3062000000000147,4.809000000000002,7.148400000000015,9.760799999999989,2.9022000000000068,7.732200000000016,6.1698,6.014400000000009,6.400799999999995,6.1353000000000035,6.092100000000005,-1.3062000000000147,13.083000000000014
214,5.816999999999984,1.27679999999999,3.6749999999999963,10.260599999999998,12.20939999999999,7.866600000000001,-0.9828000000000037,4.548600000000002,8.261399999999995,9.64740000000001,2.8728000000000007,8.21519999999999,6.442799999999998,6.577200000000003,6.736799999999994,6.1919999999999975,6.510000000000001,-0.9828000000000037,12.20939999999999
215,5.212199999999976,1.243200000000031,4.074000000000018,10.470599999999994,11.550000000000004,8.20679999999999,-0.9786000000000135,4.065599999999991,8.227799999999988,10.084199999999981,3.2550000000000052,8.269800000000032,7.467599999999998,6.505799999999993,6.934199999999982,6.261,6.9866999999999955,-0.9786000000000135,11.550000000000004
216,6.182399999999991,1.806000000000025,4.7585999999999515,10.344600000000007,11.890200000000025,8.273999999999994,-0.2772000000000068,4.06979999999998,8.236200000000016,10.487400000000012,2.88959999999998,7.765799999999993,7.286999999999991,5.984999999999984,6.426000000000001,6.407099999999998,6.734699999999991,-0.2772000000000068,11.890200000000025
217,5.821199999999993,2.4107999999999956,4.892999999999974,9.084600000000016,10.575600000000001,8.572200000000008,0.18060000000002674,4.044599999999992,8.425200000000004,10.365599999999977,2.9819999999999887,8.441999999999984,7.093800000000012,6.005999999999991,5.917800000000001,6.349799999999997,6.549900000000002,0.18060000000002674,10.575600000000001
218,5.056799999999984,2.675399999999976,4.855200000000025,8.744399999999988,10.235399999999991,7.580999999999995,0.6342000000000141,3.9564000000000124,8.870400000000021,10.785599999999988,3.2423999999999973,8.55119999999999,7.551600000000008,5.892600000000013,6.656999999999976,6.330900000000001,6.72210000000001,0.6342000000000141,10.785599999999988
219,5.048400000000022,2.4107999999999956,3.6917999999999944,8.257200000000005,10.336200000000018,6.917399999999974,1.297799999999997,3.9227999999999965,9.076200000000007,11.533200000000015,3.7422000000000075,8.391600000000007,8.1228,6.274800000000019,6.921600000000011,6.358800000000004,6.596099999999996,1.297799999999997,11.533200000000015
220,5.985000000000003,3.418799999999978,4.019399999999996,7.992599999999987,10.638600000000013,6.283199999999997,0.7895999999999876,4.636799999999993,8.677200000000033,11.571000000000003,4.107599999999995,8.374800000000011,8.101799999999994,6.921600000000002,6.4763999999999955,6.536999999999999,6.602399999999999,0.7895999999999876,11.571000000000003
221,5.724599999999994,3.738000000000036,4.447799999999986,7.417200000000023,10.697399999999996,6.232799999999986,0.823199999999984,3.8136000000000183,8.521800000000022,11.932199999999982,3.490199999999998,8.681399999999968,7.9169999999999945,7.723799999999997,6.888000000000016,6.511499999999999,6.825000000000005,0.823199999999984,11.932199999999982
222,6.2160000000000055,3.725399999999972,4.8551999999999875,7.677599999999994,10.470600000000012,5.535600000000007,0.4620000000000051,3.0240000000000027,8.126999999999999,11.51219999999999,3.5826000000000064,8.097600000000003,6.8795999999999875,7.627199999999999,7.173600000000002,6.270899999999997,6.547799999999997,0.4620000000000051,11.51219999999999
223,6.161400000000021,2.973600000000027,5.031599999999987,8.139600000000017,11.142599999999995,5.527200000000008,0.14699999999999314,4.124399999999984,8.479800000000008,11.373599999999996,3.0450000000000284,7.786800000000019,7.2197999999999976,7.366799999999991,6.942599999999972,6.322800000000005,6.690600000000009,0.14699999999999314,11.373599999999996
224,7.341600000000012,2.587199999999995,4.892999999999993,8.328599999999987,11.491200000000003,6.4890000000000025,0.2855999999999872,4.670400000000008,8.72760000000001,11.902800000000013,2.5073999999999943,7.702799999999991,6.997199999999994,8.198399999999982,7.744800000000005,6.580199999999998,7.169400000000003,0.2855999999999872,11.902800000000013
225,6.493199999999975,3.1668000000000056,5.073600000000001,7.429800000000011,11.7642,6.375599999999979,0.3611999999999975,4.972800000000002,8.815799999999982,11.60039999999999,1.780800000000009,8.61000000000004,7.392000000000007,8.660400000000006,7.408799999999985,6.606900000000001,6.942599999999991,0.3611999999999975,11.7642
226,7.0601999999999965,3.590999999999968,4.561199999999983,7.580999999999995,10.886399999999977,7.1946,0.38639999999999475,5.485199999999983,8.358000000000013,11.885999999999996,2.167200000000004,8.232000000000006,8.211,8.223600000000019,7.5306000000000095,6.701699999999994,7.387799999999998,0.38639999999999475,11.885999999999996
227,7.257600000000021,2.746799999999996,4.926600000000026,7.90439999999997,11.390400000000014,7.421400000000013,0.8609999999999891,5.863199999999988,8.467200000000009,12.209399999999988,2.335200000000004,8.072399999999988,8.341199999999995,8.400000000000016,7.643999999999989,6.871200000000002,7.662899999999992,0.8609999999999891,12.209399999999988
228,7.362599999999982,3.091200000000014,4.708199999999976,8.156399999999998,11.32320000000001,6.812399999999986,0.646800000000022,4.872000000000014,7.727999999999989,12.012000000000018,1.898399999999996,7.7615999999999845,8.21939999999998,8.3874,6.619200000000007,6.641399999999997,7.545299999999985,0.646800000000022,12.012000000000018
229,6.6149999999999896,3.6539999999999893,5.052600000000031,8.219399999999998,12.150600000000004,6.4469999999999885,0.6299999999999866,4.876199999999985,8.933400000000024,11.251800000000003,2.0328,7.858200000000002,8.618399999999983,8.143799999999988,7.093799999999993,6.748799999999997,7.236599999999996,0.6299999999999866,12.150600000000004
230,6.875399999999998,3.1416000000000457,5.569200000000021,8.387399999999982,12.310199999999988,6.627599999999989,1.7135999999999978,5.888400000000014,8.626799999999992,11.621399999999998,2.0873999999999846,7.963199999999981,9.265200000000007,7.971599999999999,6.967800000000007,7.0035,7.419299999999989,1.7135999999999978,12.310199999999988
231,7.266000000000002,3.368400000000002,5.08619999999999,9.298800000000002,12.730199999999979,6.26220000000001,2.083200000000013,6.052199999999996,8.698199999999993,11.692800000000018,1.6211999999999707,7.513799999999984,9.424799999999987,7.396199999999978,7.148399999999997,7.035299999999995,7.33109999999999,1.6211999999999707,12.730199999999979
232,7.8581999999999645,3.8472000000000053,4.762799999999998,9.147600000000018,12.923400000000004,6.060599999999994,2.2511999999999945,5.703599999999987,9.248399999999997,11.793600000000007,2.6040000000000116,7.085400000000012,9.949800000000014,7.921200000000004,8.190000000000012,7.225499999999999,7.4717999999999885,2.2511999999999945,12.923400000000004
233,7.635599999999998,3.8010000000000197,4.346999999999978,9.458400000000022,12.545399999999999,6.241200000000002,1.6758000000000113,5.3003999999999944,9.429000000000006,12.314400000000006,2.457,6.501599999999974,9.718799999999993,8.517599999999995,8.236200000000007,7.138799999999999,7.068599999999986,1.6758000000000113,12.545399999999999
234,7.580999999999995,4.447799999999986,4.649399999999982,9.949800000000014,12.616800000000008,5.376000000000004,2.2722000000000016,6.131999999999987,9.319799999999999,12.12119999999999,3.166799999999987,7.005600000000012,9.617999999999967,8.731800000000018,8.689800000000012,7.3562999999999965,7.293300000000004,2.2722000000000016,12.616800000000008
235,7.480200000000006,5.228999999999993,4.82999999999999,9.886799999999974,12.2808,5.83799999999999,2.339400000000013,6.4763999999999955,9.168600000000007,11.717999999999996,2.503200000000004,6.6150000000000455,10.40760000000001,8.895599999999972,8.639400000000009,7.4049,7.047600000000026,2.339400000000013,12.2808
236,7.224000000000006,4.943400000000006,4.758600000000026,9.73140000000002,11.734799999999995,5.4978000000000105,2.8812000000000184,6.7451999999999845,9.2358,11.42399999999999,2.3435999999999844,6.879600000000026,10.348799999999997,7.7657999999999925,8.269800000000012,7.251000000000004,7.051800000000016,2.3435999999999844,11.734799999999995
237,7.299599999999998,3.8303999999999885,5.334000000000028,10.100999999999997,11.461799999999997,5.1407999999999925,3.1541999999999977,6.426000000000001,9.66419999999999,10.705799999999988,1.751400000000003,8.399999999999988,10.743600000000011,8.236199999999979,7.610399999999991,7.303499999999998,7.7678999999999885,1.751400000000003,11.461799999999997
238,7.497000000000004,4.447799999999967,4.955999999999995,10.319399999999973,11.961600000000008,4.926600000000027,3.431399999999986,6.799799999999988,8.899799999999999,10.525199999999996,1.7639999999999922,8.211000000000038,10.550399999999994,8.790599999999992,7.047599999999979,7.362899999999998,7.8540000000000205,1.7639999999999922,11.961600000000008
239,8.0598,3.8975999999999997,4.863599999999987,10.458000000000006,12.436199999999982,4.691399999999977,3.259199999999977,6.896400000000005,9.017400000000004,10.680600000000009,1.6464000000000238,7.942200000000011,9.924600000000035,9.500399999999999,6.732600000000033,7.376700000000001,8.001000000000005,1.6464000000000238,12.436199999999982
240,7.988399999999978,3.9984000000000073,4.078199999999989,10.836000000000002,12.696599999999991,4.632600000000012,4.237800000000009,6.169799999999983,9.546600000000002,10.705800000000025,1.5204000000000004,7.169400000000003,9.538200000000003,9.218999999999983,6.430199999999991,7.309799999999997,7.57889999999999,1.5204000000000004,12.696599999999991
241,8.391600000000007,4.053000000000011,4.061400000000028,10.793999999999986,12.419400000000003,5.287799999999986,3.8556000000000044,6.140399999999995,8.904000000000018,10.768800000000008,1.6337999999999973,7.316400000000015,9.475200000000019,9.1392,6.287399999999988,7.3029000000000055,7.854000000000012,1.6337999999999973,12.419400000000003
242,8.651999999999997,3.435599999999976,4.30920000000001,10.537799999999987,12.066599999999987,5.199600000000014,3.687599999999967,6.211799999999978,9.000599999999997,10.83180000000001,2.213400000000008,7.287000000000009,9.189600000000013,9.206399999999975,6.291599999999997,7.273499999999994,7.969500000000004,2.213400000000008,12.066599999999987
243,8.803199999999983,3.2634000000000043,3.1079999999999934,10.43279999999999,11.734799999999995,5.732999999999984,2.8811999999999998,4.506600000000017,9.458400000000003,10.063199999999991,2.0831999999999944,6.93420000000001,8.62260000000001,9.029999999999994,5.510400000000009,6.9038999999999975,7.77840000000001,2.0831999999999944,11.734799999999995
244,8.786400000000002,3.557400000000028,3.376799999999964,10.542000000000014,12.037199999999999,5.68259999999999,2.784600000000001,4.15799999999999,10.000200000000008,9.273600000000005,2.9610000000000003,6.967799999999988,7.597799999999992,9.12240000000002,5.968199999999986,6.917699999999998,7.28279999999999,2.784600000000001,12.037199999999999
245,8.580600000000034,3.3096000000000085,2.876999999999991,11.09640000000001,12.293399999999998,5.128200000000013,3.21300000000001,4.1327999999999925,9.130799999999992,9.609600000000006,2.9399999999999933,6.938400000000001,7.820399999999978,9.441599999999987,6.299999999999978,6.893700000000002,7.37939999999999,2.876999999999991,12.293399999999998
246,8.534399999999973,3.074400000000016,3.1247999999999916,11.024999999999988,11.810400000000005,4.851000000000006,3.5070000000000148,3.834600000000016,8.672999999999995,9.601200000000023,2.872799999999982,6.7661999999999916,7.94220000000003,9.353399999999986,7.202999999999999,6.783600000000001,7.354200000000011,2.872799999999982,11.810400000000005
247,7.88339999999998,3.389400000000009,2.53260000000001,12.12119999999999,10.735199999999992,5.363399999999997,4.485599999999972,4.599000000000006,8.694000000000003,9.756599999999999,3.7128000000000014,6.270600000000009,8.168999999999967,9.882600000000004,7.446600000000047,6.971099999999997,7.076999999999995,2.53260000000001,12.12119999999999
248,8.013599999999993,3.0533999999999715,1.4952000000000032,12.02460000000001,10.100999999999997,5.182800000000017,5.619599999999997,4.653599999999991,8.601600000000014,9.538199999999986,3.5952000000000144,6.866999999999999,9.004799999999978,10.050599999999985,8.047200000000009,6.985799999999998,7.440299999999996,1.4952000000000032,12.02460000000001
249,8.433600000000023,2.8938000000000077,2.1588000000000047,11.587799999999984,10.609200000000007,4.976999999999992,5.560800000000022,4.82999999999999,8.0472,8.98380000000001,2.965200000000009,6.959400000000026,9.30719999999998,9.819600000000001,8.084999999999996,6.938100000000006,7.503300000000014,2.1588000000000047,11.587799999999984
250,8.366400000000011,2.88539999999999,2.4947999999999677,11.499600000000022,11.852400000000019,5.354999999999999,5.308800000000012,4.9853999999999825,,9.492000000000036,,6.6822000000000195,,,8.093400000000013,6.892200000000005,6.018600000000009,2.4947999999999677,11.852400000000019
251,8.555399999999999,,,11.625600000000007,11.53319999999998,,,,,8.811599999999999,,7.085399999999994,,,,9.522239999999995,8.811599999999999,7.085399999999994,11.625600000000007
252,,,,,,,,,,8.101799999999976,,,,,,8.101799999999976,8.101799999999976,8.101799999999976,8.101799999999976
